mkt,k,method,sharpe,ret,dd,flips_k,agree,edge_bp,bos_ft,bos_win,cho_ft,cho_win,sh1,sh2,nev
BTC-H1,2,wick,-1.144298966424031,-447.5874667394921,468.552680673016,46.066798002474,48.10901256074081,0.031124870970785996,-2.3941785074144026,45.876288659793815,0.9274757523396522,46.73967147834744,-1.0621614023757187,-1.2478887308473314,3951
BTC-H1,2,close,-0.4835930948380262,-189.13502928778394,287.9063342057494,80.79442891831218,48.033373063170444,0.1274053506164834,-0.00953467533380797,46.42614023144996,6.570997245305927,48.28368794326241,-0.7622446137560474,-0.1609952027275353,6465
BTC-H1,3,wick,-0.527275005614833,-205.53697650710916,264.6170898337561,33.49063087002337,47.72977435332966,-0.2616282959192602,-15.062356618994096,43.37108594270486,7.211668332319637,48.35616438356165,-0.11129296946752212,-1.0140543770995833,2963
BTC-H1,3,close,-0.1894034532958763,-73.99049223242868,204.7641550201706,54.1760205250378,47.70877747976985,-0.10389663612097065,-2.7613922491801537,45.445783132530124,9.42036705278235,47.96954314720812,0.18821564572951843,-0.6312280032468907,4440
BTC-H1,4,wick,-0.38151149055276246,-148.60694836080282,268.6495036813811,27.282723232693453,47.49879584394138,-0.263298041704279,-4.53876416338725,44.06354515050167,4.10917554297812,46.50967199327166,0.278765764984855,-1.1503852698481265,2387
BTC-H1,4,close,-0.20967156746977464,-81.72492000725664,223.44772471548913,41.23333486049388,47.11317985875447,-0.39667872833592577,-8.583786705318388,44.772447724477246,8.659123119192861,48.0822679266259,0.29571898309213474,-0.7984085389897956,3426
BTC-H1,5,wick,-0.14663005421344102,-57.114543892512856,157.98840402299365,23.067760113620743,47.45521686277208,-0.024401282638677666,8.269991733562915,45.489443378119006,4.5057189192639155,46.865671641791046,-0.12300525511445116,-0.17493284739934298,2048
BTC-H1,5,close,0.07986758846878964,31.118916406832103,166.472721922932,33.51353827827919,46.825833677354254,-0.29653777293638806,-3.9308080673914625,44.74852071005917,8.876993915576813,47.40082079343365,0.4753498682595816,-0.3790769658161713,2815
BTC-H4,2,wick,0.4665532258910307,173.49247558062956,124.90396812878997,44.438336082096384,49.43944127917662,1.205529389936566,35.76939782680255,47.758284600389864,5.109698089951899,47.5206611570248,0.553757553550464,0.37252308492670794,998
BTC-H4,2,close,0.5842545598264296,217.23013158217856,75.22346774147462,79.80575407733187,47.73019665502665,0.12821076356289415,11.388457126159503,45.47803617571059,-7.790436502464359,47.93103448275862,0.5696848696357596,0.601199894304882,1645
BTC-H4,3,wick,0.40805503850583036,151.10135850296933,162.64092628671074,33.44328385559831,49.16329532916514,0.7763435503397361,22.52528591281333,46.17486338797814,-6.6568233115113005,47.25274725274725,0.7660040221510778,0.022165489059521606,731
BTC-H4,3,close,0.801371724867803,297.92607934188146,133.9778874161075,49.752611324903796,48.355081786436315,0.5972551531308068,29.603843155287766,45.81749049429658,0.04927343455512789,46.678966789667896,1.167779089197905,0.4043203279024012,1069
BTC-H4,4,wick,0.49685138315957533,183.266114591912,137.65364932261343,27.0295033901411,48.732134624250804,0.5334102806586736,27.855551523230393,46.33333333333333,4.745051054422557,48.29931972789115,0.6613759330191586,0.3210875910108892,595
BTC-H4,4,close,0.8953806063690901,330.6325342221448,102.58190008386023,37.47480300531428,48.50299401197605,0.7248038423239955,35.428159326441005,47.11779448621554,14.320351174490892,46.568627450980394,1.1188772349319303,0.6564510757527734,808
BTC-H4,5,wick,0.7112353112096771,262.32734774137214,150.12889700460983,22.08172988821697,49.94928538497003,1.2409480540495006,29.206853123709973,46.99248120300752,13.489240351557532,49.166666666666664,1.1368388141334544,0.25598173634657173,506
BTC-H4,5,close,0.8893986494863592,328.4204798921869,131.66353607643728,30.694520798973798,48.88991248272686,0.6317601437860079,-11.203830306375153,42.39766081871345,28.978790864021523,48.50299401197605,1.2704253578645444,0.4812746215246011,677
BTC-D1,2,wick,0.4131533054161358,154.27665951460042,79.97819881487906,47.82847718526663,52.76381909547738,9.225455449695835,548.8885017896595,57.14285714285714,13.074623276246019,48.23529411764706,0.5817894055255626,0.22391787401351973,172
BTC-D1,2,close,0.68534518895061,255.78734966961875,112.46330835524007,74.21660252886201,50.80960357342267,5.183492132550777,267.97746891691105,50.90909090909091,15.409718147300875,48.091603053435115,0.9543058397282042,0.3839376012872448,247
BTC-D1,3,wick,0.5331956400489143,199.06945663777816,115.45496683777085,34.63441451346894,52.48464544946957,11.527097539922739,706.6693075775777,59.70149253731343,75.38369480532,50.81967213114754,0.27583490146015766,0.8274593340719671,130
BTC-D1,3,close,0.5377389267284166,200.7607296699648,77.41511011673508,47.82847718526663,53.15466219988833,6.683875678678614,163.04183801471342,50.0,101.1633248781726,46.98795180722892,0.6716823631829167,0.3883224167266007,175
BTC-D1,4,wick,0.8459423702602525,312.3128475565232,123.42370300690808,24.73886750962067,55.436619718309856,18.306377333684303,541.7493705071903,57.89473684210527,182.54430064375143,48.837209302325576,0.6258981192273922,1.0935600114834068,102
BTC-D1,4,close,0.6281014331598713,233.21870368205077,108.07648508696231,35.184167124793845,54.78991596638656,11.782118586237974,210.6064120892388,47.82608695652174,86.07975636054135,47.540983606557376,0.6424547201927503,0.6142512746168347,133
BTC-D1,5,wick,0.6738103522685954,248.78341711673846,117.45114621821217,19.24134139637163,52.311161217587376,11.354193834620814,319.4287795511116,48.888888888888886,328.34537063979883,53.125,0.3247928922748293,1.0645453510515974,79
BTC-D1,5,close,0.3800905313100641,141.1779291652956,154.10388537147304,31.335898845519516,50.02801120448179,3.0628003798481664,158.81009218982305,43.859649122807014,178.24726585845076,47.27272727272727,0.5727098367673883,0.16540314013149354,113
EUR-H1,2,wick,0.3207480645075432,2.328797278300905,8.332661417287424,48.5140562248996,50.129073894804776,-0.08011823844056103,-2.45415708891082,52.52525252525253,2.5117548350621552,54.15282392026578,-0.4875595193531268,1.2077003651258669,599
EUR-H1,2,close,-1.1746642098879199,-8.53998605789223,11.196514829325322,78.07228915662651,50.52461662631155,-0.03355077465159848,-1.6668903186122173,51.358024691358025,0.8590354933513045,51.958762886597945,-1.9807459222023711,-0.295341178186172,892
EUR-H1,3,wick,0.08374029571416079,0.6076238112128297,6.233509298928257,37.26907630522088,48.6254851228978,-0.08483151491571116,0.0975520508186179,51.388888888888886,3.0440450856346186,56.27705627705628,-1.043616895716077,1.3169619606884997,448
EUR-H1,3,close,-0.6888228335081504,-5.005646768352998,9.131768241815198,56.54618473895582,50.47696038803557,-0.02276579338293424,-1.227091381237966,54.74452554744526,1.7293505556921527,51.566951566951566,-1.177339657475809,-0.1566159005282583,626
EUR-H1,4,wick,-0.2036789402265462,-1.4780186509457136,7.3608843779892075,29.236947791164656,47.94631306597672,-0.12840458564158552,0.6077256997232687,51.515151515151516,1.9619158983886384,57.4585635359116,-1.1010991093778524,0.7781141860142684,347
EUR-H1,4,close,-0.8510180027009343,-6.180154034265086,11.913111764044041,43.05220883534137,49.296685529506874,-0.07316347060483336,0.3956620347134351,53.08056872037915,1.2260088821957986,55.80524344569289,-1.432082413209245,-0.21828250531056465,479
EUR-H1,5,wick,0.025454064489236032,0.18437555236214317,6.851459622364627,21.84738955823293,48.82514989466861,-0.06062692186611104,1.2660165697670764,51.048951048951054,1.522656690041749,56.2962962962963,-0.4864853356290948,0.5843407664355019,279
EUR-H1,5,close,-0.7109389427409526,-5.158895766719102,9.41571222782273,33.4136546184739,49.13500404203719,-0.09932937679434366,-2.2165976750819465,47.953216374269005,0.7570499358374161,57.971014492753625,-1.1994564216551693,-0.17864144561189704,379
EUR-H4,2,wick,-1.2086856995341893,-8.925371406552571,10.313787019212942,50.9633312616532,49.36708860759494,0.08032934487528705,-4.746345049248521,39.50617283950617,-7.026036390378096,48.148148148148145,-0.5939011890897822,-1.8625405476317731,165
EUR-H4,2,close,-0.9419454102191662,-6.945656457144726,10.2761075840408,70.85146053449347,46.89873417721519,-0.12427596048293348,-9.266391724478856,43.11926605504588,-5.225669308206948,48.214285714285715,-1.2701346734055836,-0.5962364814599035,224
EUR-H4,3,wick,-0.9863761420179563,-7.257867878430694,9.819310616566687,37.91174642635177,50.47740292807129,0.24257126581429134,2.895004387940032,48.38709677419355,-13.169317878260722,41.66666666666667,-0.6136916444231508,-1.379417903455795,124
EUR-H4,3,close,-0.9703954534951751,-7.128936386425034,9.186370438529535,50.34182722187694,46.02164226607257,-0.12013924694078525,-5.713566148929774,46.05263157894737,-6.350411995401712,45.56962025316456,-0.4212763871870569,-1.5484136932662844,157
EUR-H4,4,wick,-0.8780019874253672,-6.4589630537291916,10.351023347194682,30.453697949036666,54.614894971355824,0.3234684082166109,-2.4903877334845546,44.680851063829785,-11.472298678174646,43.75,-1.0009146859498987,-0.7493621320646492,96
EUR-H4,4,close,-0.631374566607334,-4.640766412326909,8.055035667627834,37.91174642635177,51.559516231699554,0.25498427932125567,8.67344804336027,55.35714285714286,-10.115266864760905,45.76271186440678,-0.5939351491701285,-0.6711317358638516,116
EUR-H4,5,wick,-0.6473793855304165,-4.640601349979234,6.863757202269319,23.617153511497825,50.97276264591439,0.0382755710082009,-3.9707819067120016,47.22222222222222,-1.2081756352825672,48.64864864864865,-0.853613309554514,-0.4412687288730102,74
EUR-H4,5,close,-1.4579346159946178,-10.495940297659823,12.90220077495175,36.66873834679925,50.03223726627982,0.1024067774786647,14.973156600901522,58.82352941176471,-5.924665569115718,50.0,-1.5593109306669204,-1.355719657824899,93
